<application>
  <component name="FindSettings">
    <option name="customScope" value="Project Files" />
    <option name="defaultScopeName" value="Project Files" />
    <option name="localCaseSensitive" value="true" />
    <option name="searchOverloadedMethods" value="true" />
    <option name="skipResultsWithOneUsage" value="true" />
    <option name="SEARCH_OVERLOADED_METHODS" value="true" />
    <option name="SKIP_RESULTS_WHEN_ONE_USAGE" value="true" />
    <option name="LOCAL_CASE_SENSITIVE_SEARCH" value="true" />
    <option name="SEARCH_SCOPE" value="Project Files" />
  </component>
</application>